{
    "name": "Circle.002Geometry",
    "uvs": [[0.984166,0.023524,0.984647,0.023677,0.984647,0.986013,0.984166,0.98586,0.987536,0.024593,0.988017,0.024745,0.988017,0.987081,0.987536,0.986929,0.988499,0.024898,0.988499,0.987234,0.983684,0.023372,0.983684,0.985708,0.987054,0.02444,0.987054,0.986776,0.983203,0.023219,0.983203,0.985555,0.986573,0.024287,0.986573,0.986624,0.982722,0.023066,0.982722,0.985402,0.986092,0.024135,0.986092,0.986471,0.98224,0.022914,0.98224,0.98525,0.98561,0.023982,0.98561,0.986318,0.981759,0.022761,0.981759,0.985097,0.985129,0.02383,0.985129,0.986165,0.98898,0.025051,0.989462,0.025203,0.989462,0.987539,0.98898,0.987387,0.977481,0.093979,0.981796,0.092191,0.986468,0.092191,0.990783,0.093979,0.994086,0.097282,0.995874,0.101597,0.995874,0.106268,0.994086,0.110584,0.990783,0.113887,0.986468,0.115674,0.981796,0.115674,0.977481,0.113887,0.974178,0.110584,0.97239,0.106268,0.97239,0.101597,0.974178,0.097281,0.058405,0.842096,0.058406,0.142977,0.2328,0.142977,0.2328,0.842096,0.391814,0.142977,0.391814,0.842097,0.574083,0.142978,0.574082,0.842097,0.748723,0.142978,0.748722,0.842097,0.940376,0.142978,0.940375,0.842097]],
    "normals": [0,0,-1,0.382672,0,-0.923856,0.285531,-0.6657,-0.689383,0,-0.6657,-0.746178,0.382672,0,0.923856,0,0,1,0,-0.6657,0.746178,0.285531,-0.6657,0.689383,-0.382672,0,0.923856,-0.285531,-0.6657,0.689383,-0.382672,0,-0.923856,-0.285531,-0.6657,-0.689383,0.707083,0,0.707083,0.527635,-0.6657,0.527635,-0.707083,0,-0.707083,-0.527635,-0.6657,-0.527635,0.923856,0,0.382672,0.689383,-0.6657,0.285531,-0.923856,0,-0.382672,-0.689383,-0.6657,-0.285531,1,0,0,0.746178,-0.6657,0,-1,0,0,-0.746178,-0.6657,0,0.923856,0,-0.382672,0.689383,-0.6657,-0.285531,-0.923856,0,0.382672,-0.689383,-0.6657,0.285531,0.707083,0,-0.707083,0.527635,-0.6657,-0.527635,-0.707083,0,0.707083,-0.527635,-0.6657,0.527635,0.929563,0,-0.368633,0.981109,0,-0.193304,0.973968,0,0.226569,0.931486,0,0.363689,0.999847,0,-0.017273,0.952178,0,-0.30546],
    "vertices": [-0,-0,-0.105602,-0.040412,-0,-0.097563,-0.074672,-0,-0.074672,-0.097563,-0,-0.040412,-0.105602,-0,-0,-0.097563,0,0.040412,-0.074672,0,0.074672,-0.040412,0,0.097563,-0,0,0.105602,0.040412,0,0.097563,0.074672,0,0.074672,0.097563,0,0.040412,0.105602,-0,-0,0.097563,-0,-0.040412,0.074672,-0,-0.074672,0.040412,-0,-0.097563,-0,6.25017,-0.105602,-0.040412,6.25017,-0.097563,-0.074672,6.25017,-0.074672,-0.097563,6.25017,-0.040412,-0.105602,6.25017,-0,-0.097563,6.25017,0.040412,-0.074672,6.25017,0.074671,-0.040412,6.25017,0.097563,-0,6.25017,0.105601,0.040412,6.25017,0.097563,0.074672,6.25017,0.074671,0.097563,6.25017,0.040412,0.105602,6.25017,-0,0.097563,6.25017,-0.040412,0.074672,6.25017,-0.074672,0.040412,6.25017,-0.097564,0,6.24808,-0.081524,0,3.66625,-0.081524,-0.237422,6.24808,-0.680198,-0.237422,3.66625,-0.680198,-0.244178,6.24808,-1.26739,-0.244178,3.66625,-1.26739,0.05985,6.24808,-1.86793,0.05985,3.66625,-1.86793,0.235511,6.24808,-2.48849,0.235511,3.66625,-2.48849,0.019313,6.24808,-3.16243,0.019313,3.66625,-3.16243],
    "metadata": {
        "generator": "io_three",
        "uvs": 1,
        "normals": 38,
        "vertices": 44,
        "faces": 35,
        "version": 3,
        "type": "Geometry"
    },
    "faces": [41,8,7,23,24,0,1,2,3,0,1,2,3,41,1,0,16,17,4,5,6,7,4,5,6,7,41,0,15,31,16,5,8,9,6,5,8,9,6,41,9,8,24,25,10,0,3,11,10,0,3,11,41,2,1,17,18,12,4,7,13,12,4,7,13,41,10,9,25,26,14,10,11,15,14,10,11,15,41,3,2,18,19,16,12,13,17,16,12,13,17,41,11,10,26,27,18,14,15,19,18,14,15,19,41,4,3,19,20,20,16,17,21,20,16,17,21,41,12,11,27,28,22,18,19,23,22,18,19,23,41,5,4,20,21,24,20,21,25,24,20,21,25,41,13,12,28,29,26,22,23,27,26,22,23,27,41,6,5,21,22,28,24,25,29,28,24,25,29,41,14,13,29,30,30,31,32,33,30,26,27,31,41,7,6,22,23,1,28,29,2,1,28,29,2,41,15,14,30,31,8,30,33,9,8,30,31,9,40,17,19,18,34,48,49,7,17,13,40,21,20,19,46,47,48,25,21,17,40,23,22,21,44,45,46,2,29,25,40,25,24,23,42,43,44,11,3,2,40,27,26,25,40,41,42,19,15,11,40,29,28,27,38,39,40,27,23,19,40,31,30,29,36,37,38,9,31,27,40,17,16,31,34,35,36,7,6,9,40,17,21,19,34,46,48,7,25,17,40,25,23,21,42,44,46,11,2,25,40,29,27,25,38,40,42,27,19,11,40,17,31,29,34,36,38,7,9,27,40,17,25,21,34,42,46,7,11,25,40,17,29,25,34,38,42,7,27,11,41,32,33,35,34,50,51,52,53,32,32,33,33,41,34,35,37,36,53,52,54,55,33,33,34,34,41,36,37,39,38,55,54,56,57,34,34,35,35,41,38,39,41,40,57,56,58,59,35,35,36,36,41,40,41,43,42,59,58,60,61,36,36,37,37]
}